Dataset,Label,Cluster,NMI,ARI,FMI,PUR,SIL,Dunn,CU,ER,Time,k_mode
new_01_automobile.csv,4,3,0.3542014055951038,0.2822395750187662,0.5071114494122615,0.5323383084577115,0.2816739892289092,0.0798682824069443,0.5298945297411848,2.252647060311702,41.9787540435791,autonomous
new_02_german_credit.csv,2,2,8.73642012099907e-06,-0.0016683388257118,0.6533269121530173,0.7,0.3039136257513833,0.1934100061220933,0.162782429662149,0.1011043091957475,21.98559045791626,autonomous
new_03_heart_disease.csv,5,2,0.0705991989640742,0.115846073969658,0.5295885654338074,0.4923913043478261,0.3019874132788605,0.1014706796972872,0.2671038256476549,0.3510217681406882,16.791409015655518,autonomous
new_04_australian_credit.csv,2,14,0.1578667860382329,0.0700169002999722,0.2925439967195858,0.8101449275362319,0.116208126206606,0.0199126435007977,0.1460462224055565,2.7721350114474914,384.5560388565064,autonomous
new_05_student_performace_mat.csv,18,1,0.0,0.0,0.2863377964503227,0.1417721518987341,0.0,0.0,0.0,0.0,11.300856590270996,autonomous
new_07_cylinder-band.csv,3,2,0.0187951128956767,0.0217834571171917,0.5152089688759172,0.5777777777777777,0.1662259114386798,0.0799053343910126,0.7973803925582403,3.911063465919401,30.00302743911743,autonomous
new_08_exasens.csv,4,9,0.1888852408232578,0.1404347161882529,0.3467418740602672,0.5363408521303258,0.2632073155698233,0.0209526602330834,0.2701893430676925,0.4472532741773045,43.68343901634216,autonomous
new_09_abalone.csv,28,129,0.2063263211057465,0.0249579001419341,0.075643530632886,0.3162556858989706,0.1818487941148587,0.002027391131288,0.0090205130299491,1.0724330850629902,13394.229386806488,autonomous
new_10_npha-doctor-visits.csv,3,8,0.0129030381369162,0.0054610932351609,0.2379096275564269,0.5224089635854342,0.1507527512473707,0.0294057836217737,0.1413787607943873,0.9715229350187043,93.89821934700012,autonomous
new_11_cirrhosis.csv,3,2,0.1900485279820736,0.269468555613893,0.6453877320985347,0.7320574162679426,0.2155914872215956,0.0532260942936988,0.1129146642696161,0.3166020634832405,19.475597858428955,autonomous
new_12_caesar.csv,2,2,0.0241997855880993,0.0277483991308193,0.5187969924812029,0.6,0.4785918076682763,0.2364572126932337,0.2056337915601024,0.0356518542556152,0.3438289165496826,autonomous
new_13_obesity.csv,7,114,0.3993932998621908,0.0777713766087987,0.1849166212259762,0.7214590241591663,0.2285130803794802,-0.0523964546115361,0.0214896399788093,1.7789622980534308,12741.902036905289,autonomous
new_14_heart_failure.csv,2,2,0.1100806122313288,0.1068049020697223,0.5803666519019784,0.6789297658862876,0.2061003340260044,0.0922583269316394,0.0306769838178884,0.0307194013865168,14.982377529144289,autonomous
new_15_stroke-data.csv,2,144,0.01845796379678306,0.0008003137760707924,0.10775778676304114,0.9512720156555773,-0.5477777789345532,-0.18858954168316114,0.01393911744869471,2.8748279620773918,42848.835860967636,autonomous
