ARI,NMI,PUR,SIL,CLU,ENR,dataset,config,seed,k
0.0,0.0,0.6293532338308457,0.0,0.0,0.0,data-sintesis-01.csv,V1_BombingEWLMD_wo_EW,0,1
-0.0036713065283009738,7.148561432753192e-05,0.6293532338308457,0.27033540151882246,0.10538388729135235,0.2107677745827048,data-sintesis-01.csv,V2_BombingEWLMD_wo_DE,0,2
0.0025655934024965835,0.005245695490047301,0.6293532338308457,0.17969863409654044,0.1452274213272939,0.5809096853091755,data-sintesis-01.csv,V3_BombingEWLMD_wo_PM,0,4
0.055601796900859986,0.0468555743622826,0.6616915422885572,-0.03490679919919202,0.031040929404208224,0.06208185880841621,data-sintesis-01.csv,V4_BombingEWLMD_wo_RF,0,2
-0.0041385841009600605,0.0006397844216345183,0.6293532338308457,0.26589272964443705,0.0957969868668362,0.19159397373367226,data-sintesis-01.csv,V5_BombingEWLMD_full,0,2
-0.0011672172719549743,5.366938914560962e-05,0.5504587155963303,0.1281609409954496,0.08384148973899497,0.1676829794779897,data-sintesis-02.csv,V1_BombingEWLMD_wo_EW,0,5
0.007707264300418898,0.006911386336488425,0.5504587155963303,0.18502558970062827,0.068591058705252,0.13718211741050368,data-sintesis-02.csv,V2_BombingEWLMD_wo_DE,0,2
0.01690075884540912,0.04723141492168196,0.643348623853211,0.1409417982547874,0.045838912245900455,0.4125502102131038,data-sintesis-02.csv,V3_BombingEWLMD_wo_PM,0,9
-0.0012297144943390638,0.005791204782818074,0.5504587155963303,0.4062983329478476,0.0034364271465592705,0.006872854293118236,data-sintesis-02.csv,V4_BombingEWLMD_wo_RF,0,2
0.051330230704102586,0.04597866898960739,0.6146788990825688,0.1827804797244788,0.04617669349716881,0.09235338699433737,data-sintesis-02.csv,V5_BombingEWLMD_full,0,2
-0.0012094562588020592,0.018817448627001448,0.7603833865814696,0.05911615824510354,0.05699679537870028,0.2849839768935015,data-sintesis-03.csv,V1_BombingEWLMD_wo_EW,0,5
-0.014426317497764607,0.0009394047717224613,0.7603833865814696,0.14039691784712302,0.06870756830864905,0.13741513661729798,data-sintesis-03.csv,V2_BombingEWLMD_wo_DE,0,2
0.0011273894051148524,0.009009265777604521,0.7657082002129926,0.23997766010740043,0.07472070000895531,1.5691347001880587,data-sintesis-03.csv,V3_BombingEWLMD_wo_PM,0,21
0.02748315054633159,0.016690854640976145,0.7646432374866879,0.054640953315076915,0.012356284691296859,0.024712569382593585,data-sintesis-03.csv,V4_BombingEWLMD_wo_RF,0,2
-0.014426317497764607,0.0009394047717224613,0.7603833865814696,0.14039691784712302,0.06870756830864905,0.13741513661729798,data-sintesis-03.csv,V5_BombingEWLMD_full,0,2
0.0,0.0,0.5284810126582279,0.0,0.0,0.0,data-sintesis-04.csv,V1_BombingEWLMD_wo_EW,0,1
0.42314587574557205,0.3594789460298422,0.8259493670886076,0.2833532481747247,0.023986853395872643,0.04797370679174495,data-sintesis-04.csv,V2_BombingEWLMD_wo_DE,0,2
0.1746350662630329,0.26251574772909064,0.7531645569620253,0.21023790588009061,0.06987714979749247,0.27950859918996995,data-sintesis-04.csv,V3_BombingEWLMD_wo_PM,0,4
6.00758530316928e-06,8.007201602044468e-05,0.5284810126582279,-0.18709619559181084,0.01860720297443376,0.037214405948867935,data-sintesis-04.csv,V4_BombingEWLMD_wo_RF,0,2
0.43146446971338426,0.3394724325595304,0.8291139240506329,0.29372822911553725,0.02236405799669848,0.044728115993396766,data-sintesis-04.csv,V5_BombingEWLMD_full,0,2
-0.011433039853571246,0.006939465872866128,0.64,0.13308338376794263,0.015925946275946325,0.03185189255189269,data-sintesis-05.csv,V1_BombingEWLMD_wo_EW,0,4
-0.007868752645468597,0.003678406268448904,0.64,0.11062258874289518,0.08122407386479794,0.16244814772959582,data-sintesis-05.csv,V2_BombingEWLMD_wo_DE,0,2
0.006471197794075245,0.008396847790363218,0.6438095238095238,0.09525691497923185,0.08177655431682658,0.408882771584133,data-sintesis-05.csv,V3_BombingEWLMD_wo_PM,0,5
-0.0016656133309496891,0.00255104062020348,0.64,0.18444700707331024,0.006635793044953433,0.013271586089907084,data-sintesis-05.csv,V4_BombingEWLMD_wo_RF,0,2
0.0026506670005738155,0.000803796499521099,0.64,0.10101713112315253,0.0771248400935122,0.15424968018702434,data-sintesis-05.csv,V5_BombingEWLMD_full,0,2
