ACC,PUR,ARI,NMI,SIL,DUN,CLU,ENR,dataset,config,seed,k
0.854251012145749,0.854251012145749,0.47504129735637757,0.3455054811939836,0.280732941632798,0.014383470016422099,0.02449708063879086,0.048994161277581716,data-sintesis-28.csv,V1_BombingEWLMD_wo_EW,0,2
0.9817813765182186,0.9817813765182186,0.9203074926727829,0.833080325140804,0.38535579250110596,0.050613122101982405,0.0029920676555481858,0.005984135311096317,data-sintesis-28.csv,V2_BombingEWLMD_wo_DE,0,2
0.402834008097166,0.97165991902834,0.14864286155620735,0.33373364502466757,0.19018956735226408,0.009755566105055654,0.08684170822405171,0.6078919575683619,data-sintesis-28.csv,V3_BombingEWLMD_wo_PM,0,7
0.9453441295546559,0.9453441295546559,0.7596384416977827,0.6445194887592454,0.35826559958650117,0.029907881664105476,0.0033704755281958694,0.006740951056391831,data-sintesis-28.csv,V4_BombingEWLMD_wo_RF,0,2
0.9817813765182186,0.9817813765182186,0.9203074926727829,0.833080325140804,0.38535579250110596,0.050613122101982405,0.0029920676555481858,0.005984135311096317,data-sintesis-28.csv,V5_BombingEWLMD_full,0,2
0.5294117647058824,0.6974789915966386,0.00045312971028631076,0.006517477127882792,0.10146771839635561,0.11565257726486154,0.09033695184629788,0.18067390369259573,data-sintesis-29.csv,V1_BombingEWLMD_wo_EW,0,2
0.5266106442577031,0.6974789915966386,0.0002586573315989843,0.004166417890590474,0.23448594485483018,0.08666754937793475,0.127297919081363,0.25459583816272624,data-sintesis-29.csv,V2_BombingEWLMD_wo_DE,0,2
0.3445378151260504,0.6974789915966386,-0.013113534375873852,0.01538842281084889,0.15145889277805052,0.0840460612987801,0.0978463523307526,0.39138540932301047,data-sintesis-29.csv,V3_BombingEWLMD_wo_PM,0,4
0.6946778711484594,0.6974789915966386,-0.0031659148970142104,0.003197806394600366,0.2454031883243874,0.16134687998857578,0.01169227329618788,0.023384546592375877,data-sintesis-29.csv,V4_BombingEWLMD_wo_RF,0,2
0.5322128851540616,0.6974789915966386,0.0016863995640236653,0.005038906703290534,0.2339316471567865,0.07501214924656244,0.1260737660541556,0.2521475321083113,data-sintesis-29.csv,V5_BombingEWLMD_full,0,2
0.3243801652892562,1.0,0.12764822294799846,0.3855557984688326,0.19047557440736512,0.031967850916930114,0.07648743648116567,0.611899491849325,data-sintesis-30.csv,V1_BombingEWLMD_wo_EW,0,11
1.0,1.0,1.0,1.0,0.6790912330666241,0.5856453378998779,0.0037765715647294974,0.00755314312945865,data-sintesis-30.csv,V2_BombingEWLMD_wo_DE,0,2
0.2809917355371901,1.0,0.1639208183957548,0.4012008383897291,0.32027170349604644,0.04627150130365076,0.08143381528028237,0.814338152802824,data-sintesis-30.csv,V3_BombingEWLMD_wo_PM,0,10
1.0,1.0,1.0,1.0,0.6654464044260676,0.5816246453945043,0.0037765715647294974,0.00755314312945865,data-sintesis-30.csv,V4_BombingEWLMD_wo_RF,0,2
1.0,1.0,1.0,1.0,0.6790912330666241,0.5856453378998779,0.0037765715647294974,0.00755314312945865,data-sintesis-30.csv,V5_BombingEWLMD_full,0,2
