Dataset,Label,Cluster,NMI,ARI,FMI,PUR,SIL,Dunn,CU,ER,Time,k_mode,used_subsampling
new_01_automobile.csv,4,4,0.0632531808542707,0.0089707484923562,0.434002982990906,0.3184079601990049,0.3211804371746364,0.4838765789618678,0.3400418364040032,1.583544501262728,0.1778175830841064,ground_truth,False
new_02_german_credit.csv,2,2,7.772343733270087e-05,-0.0007686785640475,0.7580453604492533,0.7,0.3787078200849129,0.4177283677856245,0.0182729277108432,0.064036244370591,0.3272867202758789,ground_truth,False
new_03_heart_disease.csv,5,5,0.0157288571983355,0.0214088426225754,0.5252793506846357,0.4478260869565217,0.0537142684351994,0.1776471656851535,0.0397237637667314,0.232123445781367,0.1601817607879638,ground_truth,False
new_04_australian_credit.csv,2,2,0.0066561810593415,0.0014517588888309,0.7093251861242718,0.5579710144927537,0.6922138670215168,1.365055825314398,0.0141946190706468,0.0704699315002095,0.339815616607666,ground_truth,False
new_05_student_performace_mat.csv,18,18,0.1147400554535491,-0.0019358754360592,0.2391770932451458,0.1873417721518987,0.0420796479884737,0.3744975154250123,0.0729470718478889,2.176900725953629,0.3199889659881592,ground_truth,False
new_07_cylinder-band.csv,3,3,0.0468496265512415,0.0037333763679644,0.7085801608472694,0.5796296296296296,0.1113311990634908,0.3327473749009721,0.0450649120332977,0.305256834872317,8.242784023284912,ground_truth,False
new_08_exasens.csv,4,4,0.0202666995307951,-0.0090567908438536,0.419622538884381,0.4010025062656641,0.2667578300070916,0.1090123272888309,0.1819441980632161,0.0174764913117555,0.0408015251159668,ground_truth,False
new_09_abalone.csv,28,28,0.1526350340502757,0.0574030436608862,0.2017233961843817,0.2288723964567871,0.1626227123839325,0.0172511755076887,0.0275225734417654,1.096219230624852,2.815945863723755,ground_truth,False
new_10_npha-doctor-visits.csv,3,3,0.0073896652018362,-0.0058016196563673,0.6124822619157192,0.5210084033613446,0.1788284504319605,0.2444296046728311,0.0182210682567686,0.0712534592532367,0.1473598480224609,ground_truth,False
new_11_cirrhosis.csv,3,3,0.086642757902406,0.0375372404962371,0.6545273301986299,0.6076555023923444,0.4726881912572067,0.4521715491233034,0.0918663131444373,0.4101522284603551,0.0809972286224365,ground_truth,False
new_12_caesar.csv,2,2,0.0186254963212617,-0.0065184049079754,0.6994384535278597,0.575,0.2178512819231259,0.2912923569798532,0.0269818037974684,0.0299606701356787,0.0077044963836669,ground_truth,False
new_13_obesity.csv,7,7,0.0344667139587552,0.0035941316418998,0.3645808117325455,0.1847465656087162,0.1441940671359632,0.2533668513275628,0.0221634878400281,0.248772144314683,2.177273750305176,ground_truth,False
new_14_heart_failure.csv,2,2,0.0012582248616462,-0.0109222479388096,0.5628059523161254,0.6789297658862876,0.2936067118027402,0.4349396537570267,0.2806474946216115,0.7517902303961304,0.0470287799835205,ground_truth,False
new_15_stroke-data.csv,2,2,9.945055851687399e-05,-0.00037006852770131665,0.9523051970251847,0.9512720156555773,0.49124629379001855,0.7430565126982717,0.0006928561302019831,0.0026978379696966925,20.238075494766235,ground_truth,True
