config,dataset,Label,Cluster,NMI,ARI,PUR,SIL,Dunn,CLU,ENR,Adaptif,Auto_K
HARR-V,D1,4,,0.202835508,0.15767257,0.47761194,0.376175202,0.173097547,0.534163994,0.27269648,Ya,Tidak
HARR-V,D2,2,,0.001039248,-0.004804312,0.7,0.194168853,0.101379097,0.277120407,0.000667958,Ya,Tidak
HARR-V,D3,5,,0.082676052,0.044208268,0.522826087,0.458107919,0.161839993,0.217115868,0.118040388,Ya,Tidak
HARR-V,D4,2,,0.266833656,0.345267581,0.794202899,0.492563292,0.127200716,0.376611798,0.184000523,Ya,Tidak
HARR-V,D5,18,,0.158400324,0.010217314,0.220253165,0.088367345,0.092575401,0.16301127,0.426034077,Ya,Tidak
HARR-V,D8,4,,0.113707968,0.097144715,0.488721805,0.501680768,0.172524576,0.231818753,0.150518169,Ya,Tidak
HARR-V,D10,3,,0.001411176,-0.003382357,0.521008403,0.309025574,0.09833142,0.307454515,0.001476515,Ya,Tidak
HARR-V,D11,3,,0.048617181,0.043757555,0.607655502,0.307156832,0.108148412,0.38894472,0.04634973,Ya,Tidak
HARR-V,D12,2,,0.035086579,-0.00497928,0.575,0.910854316,3.606552326,0.171770833,0.021827181,Ya,Tidak
HARR-V,D13,7,,0.309952008,0.248403043,0.442918048,0.24448816,0.002260944,0.193000223,0.589401502,Ya,Tidak
HARR-V,D14,2,,0.003337306,0.006938789,0.678929766,0.250075907,0.16756889,0.268077425,0.002188254,Ya,Tidak
HARR-V,D15,2,,0.031785585,-0.024287788,0.951272016,0.336137412,0.005786713,0.21017262,0.013638584,Ya,Tidak
AMDPC,D1,4,4,0.12918821,0.047789401,0.393034826,0.140529418,0.012117016,0.361807287,2.483079631,Tidak,Ya
AMDPC,D2,2,6,0.004640811,1.06E-02,0.701,0,0,0.061914392,0.306473936,Tidak,Ya
AMDPC,D3,5,2,0.013054812,9.65E-03,0.44673913,0,0,0.021135544,0.067231708,Tidak,Ya
AMDPC,D4,2,6,0.038864734,8.60E-03,0.579710145,0,0,0.152043866,1.619154782,Tidak,Ya
AMDPC,D5,18,2,0.046508656,0.003227826,0.159493671,0.173102487,0.288940555,0.064216603,0.334301381,Tidak,Ya
AMDPC,D8,4,18,0.135265864,0.064046848,0.506265664,0,0,0.072933438,1.672338488,Tidak,Ya
AMDPC,D10,3,5,0.008457255,0.002203922,0.523809524,0,0,0.015566261,0.116339016,Tidak,Ya
AMDPC,D11,3,3,0.064607258,4.92E-02,0.612440191,0,0,0.04295264,0.158163415,Tidak,Ya
AMDPC,D12,2,4,0.133482394,1.95E-02,0.6375,0.299803818,0.286768291,0.185717933,1.036506981,Tidak,Ya
AMDPC,D13,7,16,0.073581969,0.011679863,0.216958787,0,0,0.012231331,0.237024093,Tidak,Ya
AMDPC,D14,2,2,0.027097276,0.027117751,0.702341137,0.290141135,0.234518579,0.195338592,0.783118507,Tidak,Ya
AMDPC,D15,2,5,0.010247939,-0.00731709,0.951272016,0.170073639,0.016270404,0.137251602,1.305011131,Tidak,Ya
Bombing-LMD_full,D1,4,3,0.278526593,0.245729191,0.487562189,0.230457089,0.063208076,0.475168473,1.796805415,Ya,Ya
Bombing-LMD_full,D2,2,2,8.74E-06,-0.001668339,0.7,0.303913626,0.193410006,0.16278243,0.101104309,Ya,Ya
Bombing-LMD_full,D3,5,16,0.121631235,0.060258931,0.536956522,0.125327306,-0.121230948,0.106363997,1.404768178,Ya,Ya
Bombing-LMD_full,D4,2,14,0.153026291,0.066801236,0.802898551,0.100408029,0.02326778,0.143503572,2.739380437,Ya,Ya
Bombing-LMD_full,D5,18,1,0,0,0.141772152,0,0,0,0,Ya,Ya
Bombing-LMD_full,D8,4,15,0.183645634,0.079146879,0.556390977,0.351203929,0.004405452,0.170304637,1.11363234,Ya,Ya
Bombing-LMD_full,D10,3,11,0.012088667,0.004338437,0.529411765,0.188023461,0.036363636,0.110466271,0.939091049,Ya,Ya
Bombing-LMD_full,D11,3,2,0.004287711,0.009398037,0.555023923,0.199285848,0.130340789,0.171435749,0.077844855,Ya,Ya
Bombing-LMD_full,D12,2,2,0.024199786,0.027748399,0.6,0.478689044,0.236457213,0.205633792,0.035651854,Ya,Ya
Bombing-LMD_full,D13,7,114,0.409712743,0.081500658,0.729985789,0.243730225,-0.101890465,0.021669215,1.811548255,Ya,Ya
Bombing-LMD_full,D14,2,2,0.110080612,0.106804902,0.678929766,0.205945357,0.092274655,0.030676984,0.030719401,Ya,Ya
Bombing-LMD_full,D15,3,2,0.026837906,0.031849098,0.590740741,0.171261429,0.227793873,0.82557776,3.851501925,Ya,Ya
K-Prototype (Classic),D1,4,,0.000118205,0.000982913,0.57962963,0.269922497,0.006889981,0.440966643,1.7639,Tidak,Tidak
K-Prototype (Classic),D2,2,,0.470660087,0.335132488,0.606965174,0.787575524,0.007886015,0.065063536,0.1301,Tidak,Tidak
K-Prototype (Classic),D3,5,,0.01274413,0.053500769,0.7,0.309520963,0.001303297,0.100650576,0.5033,Tidak,Tidak
K-Prototype (Classic),D4,2,,0.060929923,0.080863231,0.495652174,0.986846622,0.017676563,0.007740354,0.0155,Tidak,Tidak
K-Prototype (Classic),D5,18,,0.016168489,0.003754888,0.562318841,0.309520963,0.001303297,0.100650576,0.5033,Tidak,Tidak
K-Prototype (Classic),D8,4,,0.167357321,0.109257706,0.446115288,0.624628272,6.12E-06,0.065998725,0.264,Tidak,Tidak
K-Prototype (Classic),D10,3,,0.004249928,0.010238129,0.521008403,0.349706919,0.013888889,0.118574288,0.3557,Tidak,Tidak
K-Prototype (Classic),D11,3,,0.053856293,0.02626424,0.576555024,0.446204804,0.056402725,0.038179349,0.1145,Tidak,Tidak
K-Prototype (Classic),D12,2,,0.012390521,0.003285932,0.575,0.657118606,0.006666667,0.081750508,0.1635,Tidak,Tidak
K-Prototype (Classic),D13,7,,0.45993268,0.276286742,0.478446234,0.40173424,0.000106853,0.112488467,0.7874,Tidak,Tidak
K-Prototype (Classic),D14,2,,0.000210663,0.002289539,0.678929766,0.694508362,1.33E-05,0.019350273,0.0387,Tidak,Tidak
K-Prototype (Classic),D15,2,,0.02440612,0.093583148,0.951272016,0.764602794,0.000584598,0.016553592,0.0331,Tidak,Tidak
Kprototypes + KDSum,D1,4,,0.022571374,0.026281317,0.488518519,0.117095,0.391843,0.23083,0.326113,Tidak,Tidak
Kprototypes + KDSum,D2,2,,0.333462,0.255335,0.569154,0.0641961,0.440609,0.148009,0.0562532,Tidak,Tidak
Kprototypes + KDSum,D3,5,,0.0596158,0.00190351,0.6382,0.0586428,0.232302,0.144255,0.229401,Tidak,Tidak
Kprototypes + KDSum,D4,2,,0.100247,0.0756552,0.418043,0.104539,0.213405,0.017846,0.0116626,Tidak,Tidak
Kprototypes + KDSum,D5,18,,0.0230387,0.0377187,0.682609,0.028201216,0.29580391,0.126024891,0.231465218,Tidak,Tidak
Kprototypes + KDSum,D8,4,,0.201133299,0.146597458,0.654636591,0.328505478,0.061338946,0.022860808,0.091114787,Tidak,Tidak
Kprototypes + KDSum,D10,3,,0.005736322,0.001728683,0.462464986,0.181568794,0.311182029,0.185789087,0.160392929,Tidak,Tidak
Kprototypes + KDSum,D11,3,,0.043266029,0.081767616,0.586124402,0.034724102,0.463756136,0.052759208,0.05142757,Tidak,Tidak
Kprototypes + KDSum,D12,2,,0.019011712,-0.004718587,0.675,0.309307399,0.415795801,0.098233036,0.261372354,Tidak,Tidak
Kprototypes + KDSum,D13,7,,0.375028964,0.225802617,0.489246802,0.239044483,0.056120063,0.096440635,0.205397881,Tidak,Tidak
Kprototypes + KDSum,D14,2,,0.006249902,0.010911316,0.56187291,0.042713378,0.580434662,0.006199231,0.003817667,Tidak,Tidak
Kprototypes + KDSum,D15,2,,0.009895248,0.010902659,0.571272016,0.078985267,0.23226788,0.070263444,0.058748228,Tidak,Tidak
Kprototypes + Gower,D1,4,,0.011948,0.01192,0.585926,0.194503,0.078052,0.522183,2.088733,Tidak,Tidak
Kprototypes + Gower,D2,2,,0.332969,0.25855,0.544279,0.083142,0.157986,0.158365,0.316731,Tidak,Tidak
Kprototypes + Gower,D3,5,,0.012424,0.007812,0.7,0.244844,0.09241,0.223251,1.116254,Tidak,Tidak
Kprototypes + Gower,D4,2,,0.117819,0.137128,0.549348,0.210443,0.117898,0.328281,0.656561,Tidak,Tidak
Kprototypes + Gower,D5,18,,0.170824,0.211892,0.702609,0.049482,0.135007,0.158668,2.856018,Tidak,Tidak
Kprototypes + Gower,D8,4,,0.154094,0.114905,0.508772,0.356453,0.013801,0.170027,0.680109,Tidak,Tidak
Kprototypes + Gower,D10,3,,0.003251,-0.003272,0.521008,0.241676,0.04725,0.270782,0.812346,Tidak,Tidak
Kprototypes + Gower,D11,3,,0.065846,0.050989,0.616268,0.227904,0.097997,0.331099,0.993296,Tidak,Tidak
Kprototypes + Gower,D12,2,,0.064294,0.049756,0.625,0.362643,0.205124,0.221491,0.442982,Tidak,Tidak
Kprototypes + Gower,D13,7,,0.269397,0.219819,0.433254,0.187769,0.033558,0.173837,1.216856,Tidak,Tidak
Kprototypes + Gower,D14,2,,0.0023,0.003537,0.67893,0.203991,0.195498,0.216786,0.433572,Tidak,Tidak
Kprototypes + Gower,D15,2,,0.01342,-0.011261,0.951272,0.264375,0.115382,0.227023,0.454046,Tidak,Tidak
KAMILA,D1,4,,0.0246,0.031,0.6167,0.1001,0.0014,0.5097,2.0387,Tidak,Tidak
KAMILA,D2,2,,0.3714,0.3016,0.5721,-0.0791,0.0014,0.1937,0.3874,Tidak,Tidak
KAMILA,D3,5,,0.0069,0.0337,0.7,-0.1969,0.0113,0.2371,1.1855,Tidak,Tidak
KAMILA,D4,2,,0.1572,0.0546,0.5533,-0.1444,0.0014,0.3796,0.7591,Tidak,Tidak
KAMILA,D5,18,,0.0292,0.0053,0.5551,-0.038,0.0559,0.1467,2.6403,Tidak,Tidak
KAMILA,D8,4,,0.1123,0.1077,0.4812,0.0044,0.0126,0.2139,0.8555,Tidak,Tidak
KAMILA,D10,3,,0.0077,0.0029,0.521,0.0878,0.023,0.2673,0.802,Tidak,Tidak
KAMILA,D11,3,,0.0596,0.0549,0.6388,-0.0501,0.0141,0.2246,0.6738,Tidak,Tidak
KAMILA,D12,2,,0.0783,0.0944,0.6625,0.112,0.0222,0.202,0.4039,Tidak,Tidak
KAMILA,D13,7,,0.3521,0.2597,0.4685,-0.0033,0.0192,0.196,1.3718,Tidak,Tidak
KAMILA,D14,2,,0.0033,0.0069,0.6789,0.0187,0.0002,0.2681,0.5362,Tidak,Tidak
KAMILA,D15,2,,0.0245,-0.0565,0.9513,0.1394,0.0509,0.219,0.438,Tidak,Tidak
MFCM,D1,4,,0.01147628,0.005199487,0.57962963,0.558767093,0.015930641,0.361104689,1.4444,Tidak,Tidak
MFCM,D2,2,,0.630622792,0.489870654,0.696517413,0.717950001,0.043834217,0.064372074,0.1287,Tidak,Tidak
MFCM,D3,5,,0.012894409,0.053894949,0.7,0.262584368,0.007676857,0.08526998,0.4263,Tidak,Tidak
MFCM,D4,2,,0.055406803,0.072971296,0.491304348,0.972335081,0.410712253,0.008029287,0.0161,Tidak,Tidak
MFCM,D5,18,,0.013050504,0.00297045,0.560869565,0.074929547,0.053345813,0.08489459,1.3583,Tidak,Tidak
MFCM,D8,4,,0.051851539,0.037494119,0.401002506,0.337213591,0.002687672,0.265381266,1.0615,Tidak,Tidak
MFCM,D10,3,,0.009220745,0.003688153,0.521008403,0.131492639,0.069636113,0.2491022,0.7473,Tidak,Tidak
MFCM,D11,3,,0.052465092,0.02333991,0.56937799,0.375757249,0.039680919,0.035589418,0.1068,Tidak,Tidak
MFCM,D12,2,,0.02310895,0.010025063,0.575,0.490984344,0.030333724,0.080729699,0.1615,Tidak,Tidak
MFCM,D13,7,,0.483298581,0.317087919,0.529133112,0.442878458,0.034846163,0.090623575,0.6344,Tidak,Tidak
MFCM,D14,2,,0.000103252,0.000654781,0.678929766,0.546176445,0.016278061,0.01907331,0.0381,Tidak,Tidak
MFCM,D15,2,,0.023258672,0.089654785,0.951272016,0.639142685,0.242397854,0.016078957,0.0322,Tidak,Tidak
PDQ,D1,4,,0.0092,0.0102,0.5862,-0.0719,0.001,0.125,0.1916,Tidak,Tidak
PDQ,D2,2,,0.1841,0.1011,0.4104,-0.0156,0.0427,0.0614,0.0414,Tidak,Tidak
PDQ,D3,5,,0.0038,-0.007,0.7,-0.0617,0,0.0534,0.1528,Tidak,Tidak
PDQ,D4,2,,0.0969,0.1004,0.5212,0.0274,0.0074,0.1303,0.0598,Tidak,Tidak
PDQ,D5,18,,0.1592,0.1481,0.6623,-0.1719,0.0989,0.1069,0.1403,Tidak,Tidak
PDQ,D8,4,,0.139,0.1002,0.4891,0.3071,0.0117,0.1325,0.5831,Tidak,Tidak
PDQ,D10,3,,0.0013,0.0001,0.5214,0.0594,0.0353,0.1941,0.1254,Tidak,Tidak
PDQ,D11,3,,0.0093,-0.0015,0.555,-0.2058,0.0179,0.0096,0.008,Tidak,Tidak
PDQ,D12,2,,0.0369,0.0152,0.5919,0.326,0.2504,0.0391,0.1409,Tidak,Tidak
PDQ,D13,7,,0.1818,0.0618,0.2898,-0.1339,0.0062,0.0628,0.1283,Tidak,Tidak
PDQ,D14,2,,0.0096,-0.0031,0.6793,0.003,0.03,0.06,0.0434,Tidak,Tidak
PDQ,D15,2,,0.0079,-0.0175,0.9513,0.1678,0.0462,0.1429,0.0957,Tidak,Tidak
EW-LMD Clustering (A),D1,4,,0.11005756,0.08079588,0.646296296,0.501703605,0.086251395,0.540210368,2.160841471,Ya,Tidak
EW-LMD Clustering (A),D2,2,,0.429271146,0.317876746,0.577114428,0.566861293,0.570017445,0.191973735,0.383947469,Ya,Tidak
EW-LMD Clustering (A),D3,5,,0.004818042,-0.000517913,0.7,0.395167522,0.090879507,0.35461986,1.773099299,Ya,Tidak
EW-LMD Clustering (A),D4,2,,0.190004219,0.217499534,0.57826087,0.818946505,1.678406537,0.384580747,0.769161493,Ya,Tidak
EW-LMD Clustering (A),D5,18,,0.427917726,0.503582647,0.855072464,0.115601699,0.102300074,0.159587864,2.87258156,Ya,Tidak
EW-LMD Clustering (A),D8,4,,0.2466,0.2367,0.5539,0.6257,0.0142,0.4453,1.7812,Ya,Tidak
EW-LMD Clustering (A),D10,3,,0.178583452,0.066934848,0.269332056,-0.027728847,-0.000289111,0.028419069,0.783989949,Ya,Tidak
EW-LMD Clustering (A),D11,3,,0.012852576,0.013207323,0.521008403,0.566454607,0.045532422,0.188235657,0.56470697,Ya,Tidak
EW-LMD Clustering (A),D12,2,,0.180526738,0.257447625,0.732057416,0.379358848,0.085579476,0.212539231,0.637617693,Ya,Tidak
EW-LMD Clustering (A),D13,7,,0.024199786,0.027748399,0.6,0.683562237,0.202174189,0.225496599,0.450993199,Ya,Tidak
EW-LMD Clustering (A),D14,2,,0.26320105,0.195566566,0.424917101,0.281393492,0.015046022,0.186290113,1.304030792,Ya,Tidak
EW-LMD Clustering (A),D15,2,,0.236397726,0.340518838,0.795986622,0.732456014,0.1090978,0.053620206,0.107240411,Ya,Tidak
