Dataset,K_true,varied_factor,tau,T2,dc,K_detected,SIL,Dunn,ARI,runtime_sec,status
new_01_automobile.csv,4,tau,0.4,0.2,0.15,3,0.202324049285166,0.0524486220529949,0.294877678787263,41.042,ok
new_01_automobile.csv,4,tau,0.5,0.2,0.15,3,0.202324049285166,0.0524486220529949,0.294877678787263,40.684,ok
new_01_automobile.csv,4,tau,0.6,0.2,0.15,3,0.2816739892289092,0.0798682824069443,0.2822395750187662,60.998,ok
new_01_automobile.csv,4,tau,0.7,0.2,0.15,3,0.1800590864653036,0.0046104391446054,0.3019016613238529,45.127,ok
new_01_automobile.csv,4,tau,0.8,0.2,0.15,3,0.2731264306810528,0.076735142017642,0.2963084464811428,60.926,ok
new_01_automobile.csv,4,T2,0.6,0.1,0.15,3,0.2816739892289092,0.0798682824069443,0.2822395750187662,61.299,ok
new_01_automobile.csv,4,T2,0.6,0.15,0.15,3,0.2816739892289092,0.0798682824069443,0.2822395750187662,61.641,ok
new_01_automobile.csv,4,T2,0.6,0.25,0.15,3,0.2816739892289092,0.0798682824069443,0.2822395750187662,61.676,ok
new_01_automobile.csv,4,T2,0.6,0.3,0.15,3,0.2816739892289092,0.0798682824069443,0.2822395750187662,61.524,ok
new_01_automobile.csv,4,dc,0.6,0.2,0.05,3,0.2230905649185231,0.0550723550999584,0.2054341093929271,37.241,ok
new_01_automobile.csv,4,dc,0.6,0.2,0.1,3,0.2818174122740507,0.0798527636482096,0.2822395750187662,49.519,ok
new_01_automobile.csv,4,dc,0.6,0.2,0.2,3,0.237463913807179,0.021906855690162,0.242030700489577,65.177,ok
new_01_automobile.csv,4,dc,0.6,0.2,0.25,3,0.2165251750345357,0.0937087336588861,0.1723035578857124,32.477,ok
new_03_heart_disease.csv,5,tau,0.4,0.2,0.15,2,0.2435220110643776,0.0520839831624523,0.2001941073060602,114.78,ok
new_03_heart_disease.csv,5,tau,0.5,0.2,0.15,2,0.2872206279269391,0.0955657290536004,0.1127227014592276,18.105,ok
new_03_heart_disease.csv,5,tau,0.6,0.2,0.15,2,0.2875016184801375,0.095112845976463,0.1127227014592276,24.82,ok
new_03_heart_disease.csv,5,tau,0.7,0.2,0.15,2,0.2874410122949142,0.0955631827211395,0.1127227014592276,26.225,ok
new_03_heart_disease.csv,5,tau,0.8,0.2,0.15,2,0.2509480890754886,0.0632844023938975,0.1126049450129517,29.446,ok
new_03_heart_disease.csv,5,T2,0.6,0.1,0.15,10,0.0195794998991829,0.0236231298288659,0.1170607176233885,551.179,ok
new_03_heart_disease.csv,5,T2,0.6,0.15,0.15,9,0.0536954338396397,0.0231979465799177,0.1165608934473119,495.813,ok
new_03_heart_disease.csv,5,T2,0.6,0.25,0.15,9,0.1127552240205561,0.024751599526191,0.0650021529769317,497.328,ok
new_03_heart_disease.csv,5,T2,0.6,0.3,0.15,10,0.1522583344633354,0.0116199269732953,0.0695448615842246,562.518,ok
new_03_heart_disease.csv,5,dc,0.6,0.2,0.05,14,0.1440012876483197,-0.0478452998141251,0.0636074470075994,782.105,ok
new_03_heart_disease.csv,5,dc,0.6,0.2,0.1,2,0.2509480890754886,0.0632844023938975,0.1126049450129517,21.217,ok
new_03_heart_disease.csv,5,dc,0.6,0.2,0.2,2,0.25306976838619,0.0517845268319841,0.1678676056950921,99.821,ok
new_03_heart_disease.csv,5,dc,0.6,0.2,0.25,12,0.1682304831485265,-0.0631974684840682,0.069689415800844,668.73,ok
new_10_npha-doctor-visits.csv,3,tau,0.4,0.2,0.15,2,0.2188151867259895,0.0297833745236263,-5.541817277261055e-05,39.602,ok
new_10_npha-doctor-visits.csv,3,tau,0.5,0.2,0.15,2,0.2187543108404506,0.0298885537421775,-5.541817277261055e-05,43.047,ok
new_10_npha-doctor-visits.csv,3,tau,0.6,0.2,0.15,8,0.1507527512473707,0.0294057836217737,0.0054610932351609,138.567,ok
new_10_npha-doctor-visits.csv,3,tau,0.7,0.2,0.15,9,0.1190547250839913,0.0295839709739418,-8.237360140986423e-05,77.964,ok
new_10_npha-doctor-visits.csv,3,tau,0.8,0.2,0.15,26,0.1208804989115224,0.0261010188982611,0.001704232734462,402.188,ok
new_10_npha-doctor-visits.csv,3,T2,0.6,0.1,0.15,7,0.1533462591908351,0.0317737026321563,0.004914453896585,85.566,ok
new_10_npha-doctor-visits.csv,3,T2,0.6,0.15,0.15,8,0.1507527512473707,0.0294057836217737,0.0054610932351609,138.437,ok
new_10_npha-doctor-visits.csv,3,T2,0.6,0.25,0.15,8,0.1370041728044213,0.0,0.0039152397523836,110.583,ok
new_10_npha-doctor-visits.csv,3,T2,0.6,0.3,0.15,9,0.1364052973089101,0.0353875724340743,0.0046728125648496,95.181,ok
new_10_npha-doctor-visits.csv,3,dc,0.6,0.2,0.05,2,0.221464208158122,0.029945540218056,0.0001230988018972,44.173,ok
new_10_npha-doctor-visits.csv,3,dc,0.6,0.2,0.1,12,0.1195648104334764,0.0,0.0035296421870281,208.698,ok
new_10_npha-doctor-visits.csv,3,dc,0.6,0.2,0.2,11,0.1268229753814851,0.0363636363636363,0.0025999945597585,287.272,ok
new_10_npha-doctor-visits.csv,3,dc,0.6,0.2,0.25,14,0.1301806266758428,0.0274323645116258,0.0019315594610539,121.647,ok
new_13_obesity.csv,7,tau,0.4,0.2,0.15,2,0.164697279053079,0.0295324663794992,0.0727470267159802,335.233,ok
new_13_obesity.csv,7,tau,0.5,0.2,0.15,59,0.2096656304638074,-0.0321462431885098,0.1116471977347745,6563.817,ok
new_13_obesity.csv,7,tau,0.6,0.2,0.15,114,0.2285130803794802,-0.0523964546115361,0.0777713766087987,12640.047,ok
new_13_obesity.csv,7,tau,0.7,0.2,0.15,126,0.2410185805016359,-0.0545126261410774,0.067203044796634,14142.479,ok
new_13_obesity.csv,7,tau,0.8,0.2,0.15,143,0.231141871918724,-0.1266479615455413,0.0532153649955135,15746.789,ok
new_13_obesity.csv,7,T2,0.6,0.1,0.15,96,0.234053539284657,-0.0104141672224754,0.0936901280929033,10683.625,ok
new_13_obesity.csv,7,T2,0.6,0.15,0.15,110,0.225534027312358,-0.0635465744601637,0.0813741463343795,12232.195,ok
new_13_obesity.csv,7,T2,0.6,0.25,0.15,118,0.2480088102309504,-0.0617538016249498,0.0776139853801791,13177.73,ok
new_13_obesity.csv,7,T2,0.6,0.3,0.15,126,0.2407675143122676,-0.0800470176198964,0.0744905366214875,14079.591,ok
new_13_obesity.csv,7,dc,0.6,0.2,0.05,66,0.2124774043110137,-0.0329316908826022,0.1034730686612794,7292.448,ok
new_13_obesity.csv,7,dc,0.6,0.2,0.1,66,0.2229063826417832,0.0026831556432447,0.1046760893653404,7234.053,ok
new_13_obesity.csv,7,dc,0.6,0.2,0.2,72,0.2256182543616481,-0.0361623245298247,0.1091167107223797,7866.86,ok
new_13_obesity.csv,7,dc,0.6,0.2,0.25,111,0.2502837656095573,-0.084034111764414,0.0813225922103959,12420.721,ok
new_15_stroke-data.csv,2,tau,0.4,0.2,0.15,6,0.1608123635518547,0.0034242398840126,-0.0637301954559537,1007.774,ok
new_04_australian_credit.csv,2,tau,0.4,0.2,0.15,2,0.2190500131945928,0.0874604880701546,0.0053573261800591,11.525,ok
new_04_australian_credit.csv,2,tau,0.5,0.2,0.15,2,0.2164889517770081,0.0862712810679767,0.0053573261800591,14.571,ok
new_04_australian_credit.csv,2,tau,0.6,0.2,0.15,14,0.116208126206606,0.0199126435007977,0.0700169002999722,396.894,ok
new_04_australian_credit.csv,2,tau,0.7,0.2,0.15,13,0.1157712756598733,0.0322330161448655,0.0769684877730381,183.998,ok
new_04_australian_credit.csv,2,tau,0.8,0.2,0.15,2,0.2192892378631138,0.0877431082604773,0.0053573261800591,15.653,ok
new_04_australian_credit.csv,2,T2,0.6,0.1,0.15,17,0.130528320146939,0.0139690485371287,0.0642780876735649,404.54,ok
new_04_australian_credit.csv,2,T2,0.6,0.15,0.15,17,0.130528320146939,0.0139690485371287,0.0642780876735649,409.968,ok
new_04_australian_credit.csv,2,T2,0.6,0.25,0.15,2,0.2171546048347364,0.0868911686859038,0.0053573261800591,16.286,ok
new_04_australian_credit.csv,2,T2,0.6,0.3,0.15,2,0.2171546048347364,0.0868911686859038,0.0053573261800591,16.752,ok
new_04_australian_credit.csv,2,dc,0.6,0.2,0.05,2,0.2191279860848598,0.0869804955775221,0.0053573261800591,11.01,ok
new_04_australian_credit.csv,2,dc,0.6,0.2,0.1,2,0.2183514851436609,0.0873710627606594,0.0053573261800591,11.299,ok
new_04_australian_credit.csv,2,dc,0.6,0.2,0.2,2,0.2192077076078431,0.0870035016091396,0.0053573261800591,10.892,ok
new_04_australian_credit.csv,2,dc,0.6,0.2,0.25,2,0.2193583498436072,0.08775691446242007,0.005357326180059145,11.096,ok
